target,accuracy,precision,recall,f1_score
cooler_condition,1.0,1.0,1.0,1.0
stable_flag,0.95,0.9025000000000001,0.95,0.9256410256410256
hydraulic_accumulator,0.7,0.6227272727272727,0.7,0.6436507936507937
internal_pump_leakage,0.35,0.12249999999999998,0.35,0.18148148148148147
valve_condition,0.25,0.0625,0.25,0.1
